Name,Player Code,Age,Team,League
Andrew McCutchen,mccutan01,34,PHI,NL
Austin Adams,adamsau02,30,SDP,NL
Andres Gimenez,gimenan01,22,CLE,AL
Garrett Cleavinger,cleavga01,27,LAD,NL
Mike Foltynewicz,foltymi01,29,TEX,AL
Hector Santiago,santihe01,33,SEA,AL
Austin Voth,vothau01,29,WSN,NL
Drew Pomeranz,pomerdr01,32,SDP,NL
Joey Wendle,wendljo01,31,TBR,AL
Edmundo Sosa,sosaed01,25,STL,NL
José Abreu,abreujo02,34,CHW,AL
Gregory Santos,santogr01,21,SFG,NL
Miguel Sanchez,sanchmi01,27,MIL,NL
Tyler Webb,webbty01,30,STL,NL
Brad Miller,millebr02,31,PHI,NL
Roman Quinn,quinnro01,28,PHI,NL
Luke Raley,raleylu01,26,LAD,NL
Robinson Chirinos,chiriro01,37,CHC,NL
Jose Peraza,perazjo01,27,NYM,NL
Anthony Bender,bendean01,26,MIA,NL
Jeff McNeil,mcneije01,29,NYM,NL
Salvador Perez,perezsa02,31,KCR,AL
Lucas Giolito,giolilu01,26,CHW,AL
Josh Naylor,naylojo01,24,CLE,AL
AJ Alexy,alexyaj01,23,TEX,AL
William Contreras,contrwi02,23,ATL,NL
Ryan Weathers,weathry01,21,SDP,NL
George Springer,springe01,31,TOR,AL
Hoby Milner,milneho01,30,MIL,NL
Nick Sandlin,sandlni01,24,CLE,AL
Brandon Bielak,bielabr01,25,HOU,AL
Brad Brach,brachbr01,35,CIN,NL
Charlie Barnes,barnech01,25,MIN,AL
Zach Plesac,plesaza01,26,CLE,AL
Mickey Jannis,jannimi01,33,BAL,AL
Daniel Vogelbach,vogelda01,28,MIL,NL
Evan Marshall,marshev01,31,CHW,AL
Brandon Belt,beltbr01,33,SFG,NL
Justin Bruihl,bruihju01,24,LAD,NL
Odubel Herrera,herreod01,29,PHI,NL
Cal Raleigh,raleica01,24,SEA,AL
Framber Valdez,valdefr01,27,HOU,AL
Angel Rondon,rondoan01,23,STL,NL
Greg Allen,allengr01,28,NYY,AL
Brent Honeywell Jr,honeybr01,26,TBR,AL
Derek Holland,hollade01,34,DET,AL
Luis Gil,gillu01,23,NYY,AL
Miguel Yajure,yajurmi01,23,PIT,NL
Cody Bellinger,bellico01,25,LAD,NL
Jace Fry,fryja01,27,CHW,AL
Nick Anderson,anderni01,30,TBR,AL
Tommy Nance,nanceto01,30,CHC,NL
AJ Ramos,ramosaj01,34,LAA,AL
Trevor Story,storytr01,28,COL,NL
Andres Machado,machaan02,28,WSN,NL
Mike Freeman,freemmi01,33,CIN,NL
Jake Odorizzi,odorija01,31,HOU,AL
Blake Treinen,treinbl01,33,LAD,NL
Mike Ford,fordmi01,28,NYY,AL
Kenta Maeda,maedake01,33,MIN,AL
Tyler Wells,wellsty01,26,BAL,AL
Dinelson Lamet,lametdi01,28,SDP,NL
Kyle Higashioka,higasky01,31,NYY,AL
Kyle Zimmer,zimmeky01,29,KCR,AL
Wander Franco,francwa01,20,TBR,AL
Bailey Ober,oberba01,25,MIN,AL
Matt Vierling,vierlma01,24,PHI,NL
Juan Soto,sotoju01,22,WSN,NL
Scott Barlow,barlosc01,28,KCR,AL
Kyle Seager,seageky01,33,SEA,AL
Casey Mize,mizeca01,24,DET,AL
Kaleb Ort,ortka01,29,BOS,AL
Ryan OHearn,ohearry01,27,KCR,AL
Andre Scrubb,scruban01,26,HOU,AL
Jeff Hoffman,hoffmje02,28,CIN,NL
Dominic Smith,smithdo02,26,NYM,NL
Kevin Newman,newmake01,27,PIT,NL
Jordan Holloway,hollojo01,25,MIA,NL
Reiver Sanmartin,sanmare01,25,CIN,NL
Pablo Sandoval,sandopa01,34,ATL,NL
Aaron Fletcher,fletcaa01,25,SEA,AL
Alex Colome,colomal01,32,MIN,AL
Jackie Bradley Jr,bradlja02,31,MIL,NL
Jesus Sanchez,sanchje02,23,MIA,NL
Jhonathan Diaz,diazjh01,24,LAA,AL
Bryan De La Cruz,delacbr01,24,MIA,NL
Teoscar Hernandez,hernate01,28,TOR,AL
Pavin Smith,smithpa04,25,ARI,NL
Sam Howard,howarsa01,28,PIT,NL
Breyvic Valera,valerbr01,29,TOR,AL
TJ McFarland,mcfartj01,32,STL,NL
Sergio Alcantara,alcanse01,24,CHC,NL
Ramon Rosso,rossora01,25,PHI,NL
Leury Garcia,garcile02,30,CHW,AL
Daniel Zamora,zamorda01,28,SEA,AL
JiMan Choi,choiji01,30,TBR,AL
Max Kepler,keplema01,28,MIN,AL
Steven Souza Jr,souzast01,32,LAD,NL
Kyle Farmer,farmeky01,30,CIN,NL
Dom Nunez,nunezdo01,26,COL,NL
Julian Merryweather,merryju01,29,TOR,AL
Justin Lawrence,lawreju01,26,COL,NL
Jose Altuve,altuvjo01,31,HOU,AL
Yusmeiro Petit,petityu01,36,OAK,AL
Kyle Crick,crickky01,28,PIT,NL
Jon Berti,bertijo01,31,MIA,NL
Jose Ramirez,ramirjo01,28,CLE,AL
Kyle Lobstein,lobstky01,31,WSN,NL
Jason Vosler,vosleja01,27,SFG,NL
Javy Guerra,guerrja02,25,SDP,NL
Mitch Moreland,morelmi01,35,OAK,AL
Jovani Moran,moranjo01,24,MIN,AL
Julian Fernandez,fernaju02,25,COL,NL
Ian Anderson,anderia01,23,ATL,NL
Brody Koerner,koernbr01,27,NYY,AL
Vimael Machin,machivi01,27,OAK,AL
Danny Mendick,mendida01,27,CHW,AL
DJ LeMahieu,lemahdj01,32,NYY,AL
Humberto Mejia,mejiahu01,24,ARI,NL
Carlos Carrasco,carraca01,34,NYM,NL
AJ Puk,pukaj01,26,OAK,AL
Robbie Grossman,grossro01,31,DET,AL
Taylor Trammell,trammta01,23,SEA,AL
JT Realmuto,realmjt01,30,PHI,NL
Wilmer Difo,difowi01,29,PIT,NL
Jason Adam,adamja01,29,CHC,NL
Dusten Knight,knighdu01,30,BAL,AL
Nabil Crismatt,crismna01,26,SDP,NL
Aaron Ashby,ashbyaa01,23,MIL,NL
Randy Arozarena,arozara01,26,TBR,AL
Keury Mella,mellake01,27,ARI,NL
Luke Weaver,weavelu01,27,ARI,NL
Jon Heasley,heasljo01,24,KCR,AL
Shed Long,longsh01,25,SEA,AL
Alex Wood,woodal02,30,SFG,NL
Trevor Cahill,cahiltr01,33,PIT,NL
Paul DeJong,dejonpa01,27,STL,NL
Caleb Smith,smithca03,29,ARI,NL
Jesus Aguilar,aguilje01,31,MIA,NL
Bobby Bradley,bradlbo01,25,CLE,AL
Elias Diaz,diazel01,30,COL,NL
Zack Collins,colliza01,26,CHW,AL
Kenley Jansen,janseke01,33,LAD,NL
Jarlin Garcia,garcija04,28,SFG,NL
Cooper Criswell,criswco01,24,LAA,AL
Nick Vincent,vinceni01,34,MIN,AL
Francisco Lindor,lindofr01,27,NYM,NL
Sandy Leon,leonsa01,32,MIA,NL
Austin Wynns,wynnsau01,30,BAL,AL
JP Crawford,crawfjp01,26,SEA,AL
Isaac Paredes,paredis01,22,DET,AL
Juan Minaya,minayju01,30,MIN,AL
Daniel Johnson,johnsda07,25,CLE,AL
Austin Dean,deanau01,27,STL,NL
Jerad Eickhoff,eickhje01,30,NYM,NL
Gabe Speier,speiega01,26,KCR,AL
Adonis Medina,medinad01,24,PHI,NL
Richard Lovelady,lovelri01,25,KCR,AL
JD Martinez,martijd02,33,BOS,AL
Alex Avila,avilaal01,34,WSN,NL
Ryan Jeffers,jeffery01,24,MIN,AL
Brock Holt,holtbr01,33,TEX,AL
Cedric Mullins,mullice01,26,BAL,AL
Travis Bergen,bergetr01,27,TOR,AL
Rougned Odor,odorro01,27,NYY,AL
Chris Gittens,gittech01,27,NYY,AL
Jacob Stallings,stallja01,31,PIT,NL
Ozzie Albies,albieoz01,24,ATL,NL
Shohei Ohtani,ohtansh01,26,LAA,AL
Brady Lail,lailbr01,27,SEA,AL
Yordan Álvarez,alvaryo01,24,HOU,AL
Nick Neidert,neideni01,24,MIA,NL
Archie Bradley,bradlar01,28,PHI,NL
Max Muncy,muncyma01,30,LAD,NL
Janson Junk,junkja01,25,LAA,AL
Taylor Widener,widenta01,26,ARI,NL
Duane Underwood Jr,underdu01,26,PIT,NL
Jake Brentz,brentja01,26,KCR,AL
Glenn Otto,ottogl01,25,TEX,AL
Adrian Sampson,sampsad01,29,CHC,NL
James Paxton,paxtoja01,32,SEA,AL
Michael Wacha,wachami01,29,TBR,AL
Taylor Walls,wallsta01,24,TBR,AL
Frankie Montas,montafr02,28,OAK,AL
Zack Short,shortza01,26,DET,AL
John Hicks,hicksjo02,31,TEX,AL
Brandon Brennan,brennbr01,29,BOS,AL
Tyler Rogers,rogerty01,30,SFG,NL
Eric Sogard,sogarer01,35,CHC,NL
Nick Margevicius,margeni01,25,SEA,AL
Giancarlo Stanton,stantmi03,31,NYY,AL
Robert Dugger,duggero01,25,SEA,AL
Kyle Lewis,lewisky01,25,SEA,AL
Joe Biagini,biagijo01,31,CHC,NL
Francisco Perez,perezfr01,23,CLE,AL
Ramon Laureano,laurera01,26,OAK,AL
Corbin Martin,martico02,25,ARI,NL
Kirby Snead,sneadki01,26,TOR,AL
Nivaldo Rodriguez,rodrini01,24,HOU,AL
Matt Barnes,barnema01,31,BOS,AL
Austin Romine,rominau01,32,CHC,NL
Jonathan Schoop,schoojo01,29,DET,AL
Tyler Matzek,matzety01,30,ATL,NL
Carson Fulmer,fulmeca01,27,CIN,NL
Ben Rowen,rowenbe01,32,LAA,AL
Christian Vazquez,vazquch01,30,BOS,AL
Harrison Bader,baderha01,27,STL,NL
Cristopher Sanchez,sanchcr01,24,PHI,NL
Brad Wieck,wieckbr01,29,CHC,NL
Gregory Soto,sotogr01,26,DET,AL
Luis Avilan,avilalu01,31,WSN,NL
Willians Astudillo,astudwi01,29,MIN,AL
Junior Fernandez,fernaju01,24,STL,NL
Matt Peacock,peacoma01,27,ARI,NL
Antonio Senzatela,senzaan01,26,COL,NL
Sandy Alcantara,alcansa01,25,MIA,NL
Luis Garcia,garcilu03,34,STL,NL
Nestor Cortes Jr,cortene01,26,NYY,AL
Nate Pearson,pearsna01,24,TOR,AL
Paul Sewald,sewalpa01,31,SEA,AL
Chris Sale,salech01,32,BOS,AL
Ehire Adrianza,adriaeh01,31,ATL,NL
Grayson Greiner,greingr01,28,DET,AL
Adam Conley,conlead01,31,TBR,AL
Aaron Hicks,hicksaa01,31,NYY,AL
Darren McCaughan,mccauda01,25,SEA,AL
Mauricio Llovera,llovema01,25,PHI,NL
Trevor Rogers,rogertr01,23,MIA,NL
Riley OBrien,obrieri01,26,CIN,NL
Damon Jones,jonesda07,26,PHI,NL
Andy Burns,burnsan01,30,LAD,NL
Aaron Northcraft,northaa01,31,SDP,NL
Chad Kuhl,kuhlch01,28,PIT,NL
Jordan Zimmermann,zimmejo02,35,MIL,NL
Kyle Finnegan,finneky01,29,WSN,NL
TJ Friedl,friedtj01,25,CIN,NL
Nick Ramirez,ramirni01,31,SDP,NL
Bryan Baker,bakerbr01,26,TOR,AL
Zach Eflin,eflinza01,27,PHI,NL
Marcus Stroman,stromma01,30,NYM,NL
Jose Cisnero,cisnejo01,32,DET,AL
Ryan Thompson,thompry02,29,TBR,AL
Joe Mantiply,mantijo01,30,ARI,NL
Matt Bush,bushma01,35,TEX,AL
Tyler Kinley,kinlety01,30,COL,NL
Matt Harvey,harvema01,32,BAL,AL
Sam Hentges,hentgsa01,24,CLE,AL
Griffin Jax,jaxgr01,26,MIN,AL
Rex Brothers,brothre01,33,CHC,NL
Juan Lagares,lagarju01,32,LAA,AL
Andrew Young,youngan02,27,ARI,NL
Mike Fiers,fiersmi01,36,OAK,AL
Jarren Duran,duranja01,24,BOS,AL
David Peterson,peterda01,25,NYM,NL
Charlie Morton,mortoch02,37,ATL,NL
Sonny Gray,grayso01,31,CIN,NL
Yohan Ramirez,ramiryo01,26,SEA,AL
Jorge Polanco,polanjo01,27,MIN,AL
Anthony Bass,bassan01,33,MIA,NL
Ernie Clement,clemeer01,25,CLE,AL
Justin Garza,garzaju01,27,CLE,AL
Bryan Abreu,abreubr01,24,HOU,AL
Kyle Tucker,tuckeky01,24,HOU,AL
Trevor Hildenberger,hildetr01,30,NYM,NL
Rhys Hoskins,hoskirh01,28,PHI,NL
Ramon Urias,uriasra01,27,BAL,AL
David Hale,haleda02,33,PHI,NL
Jorge Guzman,guzmajo04,25,MIA,NL
Danny Duffy,duffyda01,32,KCR,AL
Cody Ponce,ponceco01,27,PIT,NL
Tim Anderson,anderti01,28,CHW,AL
Travis dArnaud,darnatr01,32,ATL,NL
Scott Effross,effrosc01,27,CHC,NL
Jordan Romano,romanjo03,28,TOR,AL
Peter Solomon,solompe01,24,HOU,AL
Jon Gray,grayjo02,29,COL,NL
Willie Calhoun,calhowi01,26,TEX,AL
Sean Guenther,guentse01,25,MIA,NL
Pablo Lopez,lopezpa01,25,MIA,NL
Michael Hermosillo,hermomi01,26,CHC,NL
Cole Irvin,irvinco01,27,OAK,AL
Vinny Nittoli,nittovi01,30,SEA,AL
Jorge Lopez,lopezjo02,28,BAL,AL
Carter Kieboom,kieboca01,23,WSN,NL
Alec Mills,millsal02,29,CHC,NL
Justus Sheffield,sheffju01,25,SEA,AL
Walker Buehler,buehlwa01,26,LAD,NL
Chris Stratton,stratch01,30,PIT,NL
Kent Emanuel,emanuke01,29,HOU,AL
Greg Holland,hollagr01,35,KCR,AL
Mickey Moniak,moniami01,23,PHI,NL
Alex Lange,langeal01,25,DET,AL
Wyatt Mathisen,mathiwy01,27,ARI,NL
Travis Lakins,lakintr01,27,BAL,AL
Lourdes Gurriel Jr,gurrilo01,27,TOR,AL
Nick Wittgren,wittgni01,30,CLE,AL
Hunter Dozier,doziehu01,29,KCR,AL
Sebastian Rivero,riverse01,22,KCR,AL
Joan Adon,adonjo01,22,WSN,NL
Sean ReidFoley,reidfse01,25,NYM,NL
Miguel Rojas,rojasmi02,32,MIA,NL
Matt Shoemaker,shoemma01,34,MIN,AL
Edwin Uceta,ucetaed01,23,LAD,NL
Phillips Valdez,valdeph01,29,BOS,AL
Adbert Alzolay,alzolad01,26,CHC,NL
Burch Smith,smithbu03,31,OAK,AL
Zack Littell,litteza01,25,SFG,NL
Kole Calhoun,calhoko01,33,ARI,NL
Yoan López,lopezyo01,28,ARI,NL
Rob Refsnyder,refsnro01,30,MIN,AL
Brady Singer,singebr01,24,KCR,AL
Marcus Semien,semiema01,30,TOR,AL
Dakota Hudson,hudsoda02,26,STL,NL
David Price,priceda01,35,LAD,NL
Collin McHugh,mchugco01,34,TBR,AL
Corey Oswalt,oswalco01,27,NYM,NL
Jed Lowrie,lowrije01,37,OAK,AL
Kyle Cody,codyky01,26,TEX,AL
Joe Kelly,kellyjo05,33,LAD,NL
Eric Haase,haaseer01,28,DET,AL
Nathaniel Lowe,lowena01,25,TEX,AL
Abraham Almonte,almonab01,32,ATL,NL
Javy Guerra,guerrja01,35,WSN,NL
Miguel Aguilar,aguilmi01,29,ARI,NL
Jake Meyers,meyerja02,25,HOU,AL
Stephen Strasburg,strasst01,32,WSN,NL
Austin Hays,haysau01,25,BAL,AL
Andre Jackson,jacksan01,25,LAD,NL
Buck Farmer,farmebu01,30,DET,AL
Tommy La Stella,lasteto01,32,SFG,NL
Miles Mikolas,mikolmi01,32,STL,NL
Dylan Floro,florody01,30,MIA,NL
Chasen Shreve,shrevch01,30,PIT,NL
Jose Siri,sirijo01,25,HOU,AL
Manuel Margot,margoma01,26,TBR,AL
Cody Poteet,poteeco01,26,MIA,NL
Yohel Pozo,pozoyo01,24,TEX,AL
Robbie Ray,rayro02,29,TOR,AL
Wil Crowe,crowewi01,26,PIT,NL
Angel Zerpa,zerpaan01,21,KCR,AL
Bailey Falter,falteba01,24,PHI,NL
Taylor Clarke,clarkta01,28,ARI,NL
Steven Brault,braulst01,29,PIT,NL
Shea Spitzbarth,spitzsh01,26,PIT,NL
Kyle Ryan,ryanky01,29,CHC,NL
Rafael Marchan,marchra01,22,PHI,NL
Jose Trevino,trevijo01,28,TEX,AL
Seby Zavala,zavalse01,27,CHW,AL
Miguel Diaz,diazmi02,26,SDP,NL
Aristides Aquino,aquinar01,27,CIN,NL
Joey Lucchesi,lucchjo01,28,NYM,NL
Jake Petricka,petrija01,33,LAA,AL
Mike Trout,troutmi01,29,LAA,AL
Carson Kelly,kellyca02,26,ARI,NL
David Bednar,bednada01,26,PIT,NL
Bryan Garcia,garcibr01,26,DET,AL
Jake Cronenworth,croneja01,27,SDP,NL
Mike Zunino,zuninmi01,30,TBR,AL
Aaron Civale,civalaa01,26,CLE,AL
Bryan Holaday,holadbr01,33,ARI,NL
Whit Merrifield,merriwh01,32,KCR,AL
Colin Rea,reaco01,30,MIL,NL
Paul Fry,frypa01,28,BAL,AL
TJ Zeuch,zeuchtj01,25,TOR,AL
Michael Lorenzen,lorenmi01,29,CIN,NL
Daniel Bard,bardda01,36,COL,NL
Alberto Baldonado,baldoal01,28,WSN,NL
Carlos Correa,correca01,26,HOU,AL
Matt Manning,mannima02,23,DET,AL
Nick Fortes,forteni01,24,MIA,NL
Nick Heath,heathni01,27,ARI,NL
Robert Gsellman,gsellro01,27,NYM,NL
Yadier Molina,molinya01,38,STL,NL
Matt Strahm,strahma01,29,SDP,NL
Jason Heyward,heywaja01,31,CHC,NL
Danny Jansen,janseda01,26,TOR,AL
Camilo Doval,dovalca01,23,SFG,NL
Matt Chapman,chapmma01,28,OAK,AL
Eric Lauer,lauerer01,26,MIL,NL
Devin Williams,willide03,26,MIL,NL
Kohei Arihara,arihako01,28,TEX,AL
Connor Brogdon,brogdco01,26,PHI,NL
Josh Taylor,taylojo02,28,BOS,AL
Matt Moore,moorema02,32,PHI,NL
Garrett Cooper,coopega03,30,MIA,NL
Edward Cabrera,cabreed02,23,MIA,NL
Nick Ahmed,ahmedni01,31,ARI,NL
Jose De Leon,deleojo03,28,CIN,NL
Hunter Wood,woodhu01,27,TEX,AL
Daz Cameron,camerda01,24,DET,AL
Drew Ellis,ellisdr01,25,ARI,NL
Anthony Rendon,rendoan01,31,LAA,AL
Spencer Patton,pattosp01,33,TEX,AL
Eric Hosmer,hosmeer01,31,SDP,NL
Andrew Romine,rominan01,35,CHC,NL
Eli Morgan,morgael01,25,CLE,AL
Josh Rogers,rogerjo01,26,WSN,NL
Kyle Wright,wrighky01,25,ATL,NL
Kervin Castro,castrke01,22,SFG,NL
Kevin Pillar,pillake01,32,NYM,NL
HaSeong Kim,kimha01,25,SDP,NL
Nick Snyder,snydeni01,25,TEX,AL
Luke Farrell,farrelu01,30,MIN,AL
Mark Canha,canhama01,32,OAK,AL
Tyler Naquin,naquity01,30,CIN,NL
Taylor Jones,jonesta01,27,HOU,AL
Nick Allgeyer,allgeni01,25,TOR,AL
Alec Bohm,bohmal01,24,PHI,NL
Alex Dickerson,dickeal01,31,SFG,NL
Mike Wright,wrighmi01,31,CHW,AL
DJ Stewart,stewadj01,27,BAL,AL
Patrick Sandoval,sandopa02,24,LAA,AL
Seth Lugo,lugose01,31,NYM,NL
Dallas Keuchel,keuchda01,33,CHW,AL
Stevie Wilkerson,wilkest01,29,BAL,AL
Ronald Bolanos,bolanro01,24,KCR,AL
Drew Anderson,anderdr02,27,TEX,AL
Art Warren,warrear01,28,CIN,NL
Jorge Alfaro,alfarjo01,28,MIA,NL
Raimel Tapia,tapiara01,27,COL,NL
Marcell Ozuna,ozunama01,30,ATL,NL
Ryan Mountcastle,mountry01,24,BAL,AL
Darin Ruf,rufda01,34,SFG,NL
Albert Almora,almoral01,27,NYM,NL
Andrew Bellatti,bellaan01,29,MIA,NL
Tyler Mahle,mahlety01,26,CIN,NL
Zac Lowther,lowthza01,25,BAL,AL
Gerrit Cole,colege01,30,NYY,AL
Austin Meadows,meadoau01,26,TBR,AL
Angel Perdomo,perdoan01,27,MIL,NL
Tony Santillan,santito01,24,CIN,NL
Michael Conforto,confomi01,28,NYM,NL
Josh Lindblom,lindbjo01,34,MIL,NL
Hans Crouse,crousha01,22,PHI,NL
Brandon Drury,drurybr01,28,NYM,NL
Guillermo Heredia,heredgu01,30,ATL,NL
Nick Senzel,senzeni01,26,CIN,NL
Aaron Loup,loupaa01,33,NYM,NL
Akil Baddoo,baddoak01,22,DET,AL
Zack Britton,brittza01,33,NYY,AL
Pedro Strop,stroppe01,36,CHC,NL
Cole Tucker,tuckeco01,24,PIT,NL
John King,kingjo01,26,TEX,AL
Jace Peterson,peterja01,31,MIL,NL
Ryne Stanek,stanery01,29,HOU,AL
Mike Yastrzemski,yastrmi01,30,SFG,NL
AJ Cole,coleaj01,29,TOR,AL
Chris Devenski,devench02,30,ARI,NL
Seth Frankoff,frankse01,32,ARI,NL
Santiago Espinal,espinsa01,26,TOR,AL
Merrill Kelly,kellyme01,32,ARI,NL
Kyle Dohy,dohyky01,24,PHI,NL
Michael Pineda,pinedmi01,32,MIN,AL
Miguel Andujar,andujmi01,26,NYY,AL
Matt Foster,fostema01,26,CHW,AL
Caleb Baragar,baragca01,27,SFG,NL
Keone Kela,kelake01,28,SDP,NL
Justin Dunn,dunnju01,25,SEA,AL
Clayton Kershaw,kershcl01,33,LAD,NL
Aaron Judge,judgeaa01,29,NYY,AL
Jo Adell,adelljo01,22,LAA,AL
Mike Brosseau,brossmi01,27,TBR,AL
Seth Brown,brownse01,28,OAK,AL
Victor Caratini,caratvi01,27,SDP,NL
KeBryan Hayes,hayeske01,24,PIT,NL
Bryan Mitchell,mitchbr01,30,MIA,NL
Tejay Antone,antonte01,27,CIN,NL
Ben Bowden,bowdebe01,26,COL,NL
Luis Torrens,torrelu01,25,SEA,AL
Christian Arroyo,arroych01,26,BOS,AL
Mike Baumann,baumami01,25,BAL,AL
Seth Elledge,elledse01,25,STL,NL
Dan Altavilla,altavda01,28,SDP,NL
Matthew Boyd,boydma01,30,DET,AL
Enrique Hernandez,hernaen02,29,BOS,AL
Derek Law,lawde01,30,MIN,AL
Brandyn Sittinger,sittibr01,27,ARI,NL
Curtis Terry,terrycu01,24,TEX,AL
Tayler Saucedo,sauceta01,28,TOR,AL
José Barrero,garcijo02,23,CIN,NL
Konner Wade,wadeko01,29,BAL,AL
Jimmy Nelson,nelsoji02,32,LAD,NL
John Schreiber,schrejo01,27,BOS,AL
Genesis Cabrera,cabrege01,24,STL,NL
Romy Gonzalez,gonzaro01,24,CHW,AL
Ryan Sherriff,sherrry01,31,TBR,AL
Dylan Moore,mooredy01,28,SEA,AL
Jameson Taillon,taillja01,29,NYY,AL
Cody Stashak,stashco01,27,MIN,AL
Ryan Yarbrough,yarbrry01,29,TBR,AL
Stephen Piscotty,piscost01,30,OAK,AL
Jake McGee,mcgeeja01,34,SFG,NL
Kyle Keller,kelleky01,28,PIT,NL
James Karinchak,karinja01,25,CLE,AL
Shane Bieber,biebesh01,26,CLE,AL
Garrett Richards,richaga01,33,BOS,AL
Roel Ramirez,ramirro02,26,STL,NL
Carlos Estevez,estevca01,28,COL,NL
Bryan Shaw,shawbr01,33,CLE,AL
Jonathan Stiever,stievjo01,24,CHW,AL
Franchy Cordero,cordefr02,26,BOS,AL
Ronald Torreyes,torrero01,28,PHI,NL
Stephen Tarpley,tarplst01,28,NYM,NL
Lou Trivino,trivilo01,29,OAK,AL
Braxton Garrett,garrebr01,23,MIA,NL
Kean Wong,wongke01,26,LAA,AL
Connor Seabold,seaboco01,25,BOS,AL
Cole Sulser,sulseco01,31,BAL,AL
Dillon Maples,mapledi01,29,CHC,NL
Colten Brewer,breweco01,28,BOS,AL
Zack Godley,godleza01,31,MIL,NL
Peter Lambert,lambepe01,24,COL,NL
Willi Castro,castrwi01,24,DET,AL
Brooks Raley,raleybr01,33,HOU,AL
Edwin Diaz,diazed04,27,NYM,NL
Mitch White,whitemi03,26,LAD,NL
Ryan Meisinger,meisiry01,27,CHC,NL
Shawn Morimando,morimsh01,28,MIA,NL
Ryan Lavarnway,lavarry01,33,CLE,AL
John Axford,axforjo01,38,MIL,NL
Jefry Rodriguez,rodrije01,27,WSN,NL
Delino DeShields,deshide02,28,CIN,NL
Jake Cousins,cousija01,26,MIL,NL
Austin Nola,nolaau01,31,SDP,NL
Miguel Del Pozo,delpomi01,28,DET,AL
Brett Gardner,gardnbr01,37,NYY,AL
Johan Oviedo,oviedjo01,23,STL,NL
Julio Urias,uriasju01,24,LAD,NL
Adam Kolarek,kolarad01,32,OAK,AL
Ender Inciarte,inciaen01,30,ATL,NL
Shane McClanahan,mcclash01,24,TBR,AL
Wade Davis,daviswa01,35,KCR,AL
Dean Kremer,kremede01,25,BAL,AL
Vidal Brujan,brujavi01,23,TBR,AL
Luke Voit,voitlu01,30,NYY,AL
Drew Carlton,carltdr01,25,DET,AL
Nathan Eovaldi,eovalna01,31,BOS,AL
Brett Phillips,phillbr02,27,TBR,AL
Jordy Mercer,mercejo03,34,WSN,NL
Adam Ottavino,ottavad01,35,BOS,AL
Eric Yardley,yardler01,30,MIL,NL
Josh Palacios,palacjo01,25,TOR,AL
Chris Flexen,flexech01,26,SEA,AL
Jeremy Beasley,beaslje01,25,TOR,AL
Adam Plutko,plutkad01,29,BAL,AL
Tyler Zuber,zuberty01,26,KCR,AL
Drew Smyly,smylydr01,32,ATL,NL
Shane Baz,bazsh01,22,TBR,AL
Luke Maile,mailelu01,30,MIL,NL
Chaz Roe,roech01,34,TBR,AL
Paolo Espino,espinpa01,34,WSN,NL
Wilmer Flores,florewi01,29,SFG,NL
Taylor Rogers,rogerta01,30,MIN,AL
Corbin Burnes,burneco01,26,MIL,NL
Erick Fedde,feddeer01,28,WSN,NL
Blaine Hardy,hardybl01,34,MIL,NL
Trevor Larnach,larnatr01,24,MIN,AL
Zach McKinstry,mckinza01,26,LAD,NL
Drew Butera,buterdr01,37,LAA,AL
Brandon Kintzler,kintzbr01,36,PHI,NL
Jake Latz,latzja01,25,TEX,AL
Brian Goodwin,goodwbr01,30,CHW,AL
David Fletcher,fletcda02,27,LAA,AL
Isan Diaz,diazis01,25,MIA,NL
Scott Alexander,alexasc02,31,LAD,NL
Madison Bumgarner,bumgama01,31,ARI,NL
Nick Castellanos,casteni01,29,CIN,NL
David Bote,boteda01,28,CHC,NL
Pablo Reyes,reyespa01,27,MIL,NL
Yonathan Daza,dazayo01,27,COL,NL
Nick Maton,matonni01,24,PHI,NL
Yefry Ramirez,ramirye01,27,LAD,NL
Steven Duggar,duggast01,27,SFG,NL
Dellin Betances,betande01,33,NYM,NL
Taylor Ward,wardta01,27,LAA,AL
Spencer Turnbull,turnbsp01,28,DET,AL
Ljay Newsome,newsolj01,24,SEA,AL
Will Smith,smithwi05,26,LAD,NL
Pat Valaika,valaipa01,28,BAL,AL
Marco Gonzales,gonzama02,29,SEA,AL
Pete Alonso,alonspe01,26,NYM,NL
Aaron Sanchez,sanchaa01,28,SFG,NL
Pierce Johnson,johnspi01,30,SDP,NL
Chase De Jong,dejonch01,27,PIT,NL
Evan White,whiteev01,25,SEA,AL
Jeimer Candelario,candeje01,27,DET,AL
Joe Jimenez,jimenjo02,26,DET,AL
Logan Webb,webblo01,24,SFG,NL
Ranger Suarez,suarera01,25,PHI,NL
Sam Hilliard,hillisa01,27,COL,NL
Justin Williams,williju02,25,STL,NL
Jake Rogers,rogerja03,26,DET,AL
Craig Stammen,stammcr01,37,SDP,NL
Brent Suter,suterbr01,31,MIL,NL
Conner Menez,menezco01,26,SFG,NL
Christian Yelich,yelicch01,29,MIL,NL
Freddy Peralta,peralfr01,25,MIL,NL
Lars Nootbaar,nootbla01,23,STL,NL
Manuel Rodriguez,rodrima01,24,CHC,NL
Fernando Abad,abadfe01,35,BAL,AL
Yadiel Hernández,hernaya01,33,WSN,NL
Kevin Plawecki,plaweke01,30,BOS,AL
Jonathan India,indiajo01,24,CIN,NL
Corey Seager,seageco01,27,LAD,NL
Bradley Zimmer,zimmebr01,28,CLE,AL
Cionel Pérez,perezci01,25,CIN,NL
Riley Smith,smithri01,26,ARI,NL
Andrew Vasquez,vasquan02,27,LAD,NL
Ian Krol,krolia01,30,DET,AL
Brusdar Graterol,gratebr01,22,LAD,NL
Gary Sanchez,sanchga02,28,NYY,AL
Willson Contreras,contrwi01,29,CHC,NL
Alex Cobb,cobbal01,33,LAA,AL
Mike Minor,minormi01,33,KCR,AL
Nick Solak,solakni01,26,TEX,AL
Donovan Walton,waltodo01,27,SEA,AL
Trayce Thompson,thomptr01,30,CHC,NL
Reyes Moronta,moronre01,28,SFG,NL
Michael A Taylor,taylomi02,30,KCR,AL
Anthony Santander,santaan02,26,BAL,AL
Magneuris Sierra,sierrma01,25,MIA,NL
Dylan Carlson,carlsdy01,22,STL,NL
Matt Duffy,duffyma01,30,CHC,NL
Rodolfo Castro,castrro01,22,PIT,NL
Lewin Diaz,diazle01,24,MIA,NL
Didi Gregorius,gregodi01,31,PHI,NL
Tanner Houck,houckta01,25,BOS,AL
Clarke Schmidt,schmicl01,25,NYY,AL
Thomas Szapucki,szaputh01,25,NYM,NL
Brad Boxberger,boxbebr01,33,MIL,NL
Tyler Glasnow,glasnty01,27,TBR,AL
Ryan Brasier,brasiry01,33,BOS,AL
Kevin Ginkel,ginkeke01,27,ARI,NL
Henry Ramos,ramoshe01,29,ARI,NL
Tim Hill,hillti01,31,SDP,NL
Steve Cishek,cishest01,35,LAA,AL
Ian Gibaut,gibauia01,27,MIN,AL
Jose Marte,martejo01,25,LAA,AL
Sam Clay,claysa01,28,WSN,NL
Aaron Bummer,bummeaa01,27,CHW,AL
Yu Darvish,darviyu01,34,SDP,NL
Luis Garcia,garcilu04,21,WSN,NL
Joe Ryan,ryanjo04,25,MIN,AL
Vladimir Gutiérrez,gutievl01,25,CIN,NL
Daniel Castano,castada01,26,MIA,NL
Amed Rosario,rosaram01,25,CLE,AL
Matt Joyce,joycema01,36,PHI,NL
AJ Pollock,polloaj01,33,LAD,NL
Oliver Ortega,ortegol01,24,LAA,AL
Pedro Avila,avilape01,24,SDP,NL
Hirokazu Sawamura,sawamhi01,33,BOS,AL
Erik Swanson,swanser01,27,SEA,AL
Gavin Sheets,sheetga01,25,CHW,AL
Luis Guillorme,guilllu01,26,NYM,NL
Bryce Harper,harpebr03,28,PHI,NL
Nicky Lopez,lopezni01,26,KCR,AL
Chad Wallach,wallach01,29,MIA,NL
Rafael Devers,deverra01,24,BOS,AL
Mauricio Dubon,dubonma01,26,SFG,NL
Jason Martin,martija03,25,TEX,AL
Wade Miley,mileywa01,34,CIN,NL
Luis Campusano,campulu01,22,SDP,NL
Kyle Isbel,isbelky01,24,KCR,AL
Pedro Baez,baezpe01,33,HOU,AL
Kevin Quackenbush,quackke01,32,LAD,NL
Tony Kemp,kempto01,29,OAK,AL
Victor Reyes,reyesvi01,26,DET,AL
Steven Matz,matzst01,30,TOR,AL
Reynaldo Lopez,lopezre01,27,CHW,AL
Julio Teheran,teherju01,30,DET,AL
Louis Head,headlo01,31,TBR,AL
Dylan Coleman,colemdy01,24,KCR,AL
Oliver Perez,perezol01,39,CLE,AL
Avisail Garcia,garciav01,30,MIL,NL
Aramis Garcia,garciar01,28,OAK,AL
Todd Frazier,frazito01,35,PIT,NL
Carlos Santana,santaca01,35,KCR,AL
Kyle Tyler,tylerky01,24,LAA,AL
John Brebbia,brebbjo01,31,SFG,NL
Anthony Bemboom,bemboan01,31,LAA,AL
Chris Martin,martich02,35,ATL,NL
JB Bukauskas,bukaujb01,24,ARI,NL
Domingo Acevedo,acevedo01,27,OAK,AL
Cam Gallagher,gallaca01,28,KCR,AL
Dylan Lee,leedy01,26,ATL,NL
Edgar Santana,santaed01,29,ATL,NL
David Peralta,peralda01,33,ARI,NL
Dustin May,maydu01,23,LAD,NL
Jose Ruiz,ruizjo01,26,CHW,AL
Miguel Cabrera,cabremi01,38,DET,AL
Tommy Hunter,hunteto02,34,NYM,NL
Austin Brice,briceau01,29,BOS,AL
Yonny Hernandez,hernayo02,23,TEX,AL
Tarik Skubal,skubata01,24,DET,AL
Keegan Thompson,thompke02,26,CHC,NL
Andrew Stevenson,stevean01,27,WSN,NL
Preston Guilmet,guilmpr01,33,MIA,NL
Matt Beaty,beatyma01,28,LAD,NL
Tyler Wade,wadety01,26,NYY,AL
Sean Murphy,murphse01,26,OAK,AL
Akeem Bostick,bostiak01,26,NYM,NL
Joey Votto,vottojo01,37,CIN,NL
Sergio Romo,romose01,38,OAK,AL
Josh Osich,osichjo01,32,CIN,NL
Drew Steckenrider,steckdr01,30,SEA,AL
Garrett Whitlock,whitlga01,25,BOS,AL
Mike Moustakas,moustmi01,32,CIN,NL
Harold Ramirez,ramirha02,26,CLE,AL
Fernando Tatis Jr,tatisfe02,22,SDP,NL
Tres Barrera,barretr01,26,WSN,NL
Ryan Hendrix,hendrry01,26,CIN,NL
Sammy Long,longsa01,25,SFG,NL
Tommy Pham,phamth01,33,SDP,NL
Emmanuel Clase,claseem01,23,CLE,AL
Cory Abbott,abbotco01,25,CHC,NL
RJ Alaniz,alanirj01,30,CIN,NL
Stefan Crichton,crichst01,29,ARI,NL
Will Craig,craigwi01,26,PIT,NL
Kris Bubic,bubickr01,23,KCR,AL
Dillon Tate,tatedi01,27,BAL,AL
Demarcus Evans,evansde01,24,TEX,AL
Brian Anderson,anderbr06,28,MIA,NL
Dylan Cease,ceasedy01,25,CHW,AL
James Norwood,norwoja01,27,SDP,NL
Jay Bruce,bruceja01,34,NYY,AL
LaMonte Wade Jr,wadela01,27,SFG,NL
Danny Santana,santada01,30,BOS,AL
Bryan Reynolds,reynobr01,26,PIT,NL
Bernardo Flores Jr,florebe01,25,STL,NL
Jesse Winker,winkeje01,27,CIN,NL
Ty France,francty01,26,SEA,AL
Hanser Alberto,alberha01,28,KCR,AL
Mike Kickham,kickhmi01,32,LAD,NL
Aaron Nola,nolaaa01,28,PHI,NL
Jonathan Arauz,arauzjo01,22,BOS,AL
Gio Urshela,urshegi01,29,NYY,AL
Ronald Acuna Jr,acunaro01,23,ATL,NL
Edward Olivares,olivaed02,25,KCR,AL
Jakob Junis,junisja01,28,KCR,AL
Roansy Contreras,contrro01,21,PIT,NL
Thairo Estrada,estrath01,25,SFG,NL
Jarred Kelenic,kelenja01,21,SEA,AL
Jake Faria,fariaja01,27,ARI,NL
James Kaprielian,kaprija01,27,OAK,AL
Josh Hader,haderjo01,27,MIL,NL
Brent Rooker,rookebr01,26,MIN,AL
Taylor Hearn,hearnta01,26,TEX,AL
Paul Blackburn,blackpa01,27,OAK,AL
Albert Abreu,abreual01,25,NYY,AL
Brendan Rodgers,rodgebr02,24,COL,NL
Bruce Zimmermann,zimmebr02,26,BAL,AL
Tanner Roark,roarkta01,34,TOR,AL
Humberto Castellanos,castehu01,23,ARI,NL
Adolis García,garciad02,28,TEX,AL
Nick Madrigal,madrini01,24,CHW,AL
Mark Melancon,melanma01,36,SDP,NL
Mitch Haniger,hanigmi01,30,SEA,AL
Luis Robert,roberlu01,23,CHW,AL
Jorge Alcala,alcaljo01,25,MIN,AL
Sheldon Neuse,neusesh01,26,LAD,NL
Sean Newcomb,newcose01,28,ATL,NL
Kevin Gausman,gausmke01,30,SFG,NL
Gerardo Parra,parrage01,34,WSN,NL
Daulton Jefferies,jeffeda01,25,OAK,AL
Mason Williams,willima10,29,NYM,NL
David Dahl,dahlda01,27,TEX,AL
JD Hammer,hammejd01,26,PHI,NL
Jurickson Profar,profaju01,28,SDP,NL
Zach Thompson,thompza01,27,MIA,NL
Alcides Escobar,escobal02,34,WSN,NL
Johnny Cueto,cuetojo01,35,SFG,NL
Logan Allen,allenlo01,24,CLE,AL
Elvis Andrus,andruel01,32,OAK,AL
Hector Neris,nerishe01,32,PHI,NL
Nick Nelson,nelsoni01,25,NYY,AL
Patrick Weigel,weigepa01,26,MIL,NL
Tyler Clippard,clippty01,36,ARI,NL
Chris Rodriguez,rodrich01,22,LAA,AL
Elieser Hernandez,hernael01,26,MIA,NL
Scott Blewett,blewesc01,25,KCR,AL
Nick Pivetta,pivetni01,28,BOS,AL
Zack Wheeler,wheelza01,31,PHI,NL
JaCoby Jones,jonesja07,29,DET,AL
Kohl Stewart,stewako01,26,CHC,NL
Eli White,whiteel04,27,TEX,AL
Wily Peralta,peralwi01,32,DET,AL
Robel Garcia,garciro02,28,HOU,AL
Alec Bettinger,bettial01,25,MIL,NL
Yasmani Grandal,grandya01,32,CHW,AL
Josh Reddick,reddijo01,34,ARI,NL
Michael King,kingmi01,26,NYY,AL
Kyle Barraclough,barraky01,31,MIN,AL
Vladimir Guerrero Jr,guerrvl02,22,TOR,AL
Blake Parker,parkebl01,36,CLE,AL
Reese McGuire,mcguire01,26,TOR,AL
Raisel Iglesias,iglesra01,31,LAA,AL
Patrick Corbin,corbipa01,31,WSN,NL
Brett Anderson,anderbr04,33,MIL,NL
Alfonso Rivas,rivasal01,24,CHC,NL
Kolten Wong,wongko01,30,MIL,NL
Trent Grisham,grishtr01,24,SDP,NL
David Robertson,roberda08,36,TBR,AL
Gregory Polanco,polangr01,29,PIT,NL
Donovan Solano,solando01,33,SFG,NL
Bobby Dalbec,dalbebo01,26,BOS,AL
Buster Posey,poseybu01,34,SFG,NL
Jake Newberry,newbeja01,26,KCR,AL
Rony Garcia,garciro03,23,DET,AL
Grant Dayton,daytogr01,33,ATL,NL
Michael Fulmer,fulmemi01,28,DET,AL
Casey Sadler,sadleca02,30,SEA,AL
Adalberto Mondesi,mondera02,25,KCR,AL
Lucas Gilbreath,gilbrlu01,25,COL,NL
Anthony Alford,alforan01,26,PIT,NL
Garrett Crochet,crochga01,22,CHW,AL
Daniel Lynch,lynchda02,24,KCR,AL
Tyler Gilbert,gilbety01,27,ARI,NL
Seranthony Dominguez,dominse01,26,PHI,NL
Jose Alvarez,alvarjo02,32,SFG,NL
Sean Nolin,nolinse01,31,WSN,NL
Manny Machado,machama01,28,SDP,NL
Hyeonjong Yang,yanghy01,33,TEX,AL
Gabe Klobosits,kloboga01,26,WSN,NL
Zac Rosscup,rosscza01,33,COL,NL
Wander Suero,suerowa01,29,WSN,NL
Max Schrock,schroma01,26,CIN,NL
Clint Frazier,frazicl01,26,NYY,AL
Dietrich Enns,ennsdi01,30,TBR,AL
Greg Deichmann,deichgr01,26,CHC,NL
Wyatt Mills,millswy01,26,SEA,AL
Pedro Severino,severpe01,27,BAL,AL
Andrew Wantz,wantzan01,25,LAA,AL
Dauri Moreta,moretda01,25,CIN,NL
Corey Kluber,klubeco01,35,NYY,AL
Taijuan Walker,walketa01,28,NYM,NL
Touki Toussaint,toussto01,25,ATL,NL
Felix Pena,penafe01,31,LAA,AL
Manny Barreda,barrema03,32,BAL,AL
Phil Gosselin,gosseph01,32,LAA,AL
Derek Hill,hillde01,25,DET,AL
Ryan McKenna,mckenry01,24,BAL,AL
Cody Reed,reedco01,28,TBR,AL
Jason Castro,castrja01,34,HOU,AL
Aaron Slegers,slegeaa01,28,LAA,AL
Chi Chi Gonzalez,gonzach01,29,COL,NL
Matt Adams,adamsma01,32,COL,NL
Nick Gordon,gordoni01,25,MIN,AL
Luis Garcia,garcilu05,24,HOU,AL
Ketel Marte,marteke01,27,ARI,NL
Sean Manaea,manaese01,29,OAK,AL
Erik Gonzalez,gonzaer01,29,PIT,NL
Carlos Martinez,martica04,29,STL,NL
Luis Arraez,arraelu01,24,MIN,AL
Randy Dobnak,dobnara01,26,MIN,AL
Andrew Knizner,kniznan01,26,STL,NL
Scott Kazmir,kazmisc01,37,SFG,NL
Jordan Sheffield,sheffjo01,26,COL,NL
Chris Paddack,paddach01,25,SDP,NL
Tanner Scott,scottta01,26,BAL,AL
Lucas Sims,simslu01,27,CIN,NL
Gleyber Torres,torregl01,24,NYY,AL
Jose Urquidy,urquijo01,26,HOU,AL
Kevin Smith,smithke05,24,TOR,AL
Alex Kirilloff,kirilal01,23,MIN,AL
Adam Engel,engelad01,29,CHW,AL
Tyler Duffey,duffety01,30,MIN,AL
Zach Pop,popza01,24,MIA,NL
Nick Martini,martini02,31,CHC,NL
Nico Hoerner,hoernni01,24,CHC,NL
Scott Schebler,schebsc01,30,LAA,AL
Andrew Albers,alberan01,35,MIN,AL
Christian Walker,walkech02,30,ARI,NL
Tylor Megill,megilty01,25,NYM,NL
Josh Tomlin,tomlijo01,36,ATL,NL
Joshua Fuentes,fuentjo01,28,COL,NL
Trent Thornton,thorntr01,27,TOR,AL
Trevor May,maytr01,31,NYM,NL
Freddie Freeman,freemfr01,31,ATL,NL
Chris Bassitt,bassich01,32,OAK,AL
Jahmai Jones,jonesja08,23,BAL,AL
Cameron Maybin,maybica01,34,NYM,NL
Junior Guerra,guerrju02,36,LAA,AL
Renato Nunez,nunezre01,27,DET,AL
Jazz Chisholm,chishja01,23,MIA,NL
Deivi Garcia,garcide01,22,NYY,AL
Alek Manoah,manoaal01,23,TOR,AL
Mitch Garver,garvemi01,30,MIN,AL
Michael Perez,perezmi03,28,PIT,NL
Andrew Kittredge,kittran01,31,TBR,AL
Tucker Barnhart,barnhtu01,30,CIN,NL
Alan Trejo,trejoal01,25,COL,NL
AJ Minter,minteaj01,27,ATL,NL
Aroldis Chapman,chapmar01,33,NYY,AL
Eric Hanhold,hanhoer01,27,BAL,AL
Danny Coulombe,couloda01,31,MIN,AL
Manny Pina,pinama01,34,MIL,NL
Packy Naughton,naughpa01,25,LAA,AL
Amir Garrett,garream01,29,CIN,NL
Richie Martin,martiri01,26,BAL,AL
Luis Madero,maderlu01,24,MIA,NL
Thomas Eshelman,eshelto01,27,BAL,AL
Jonah Heim,heimjo01,26,TEX,AL
Austin Riley,rileyau01,24,ATL,NL
Rafael Dolis,dolisra01,33,TOR,AL
Omar Narvaez,narvaom01,29,MIL,NL
Joe Barlow,barlojo01,25,TEX,AL
Blake Snell,snellbl01,28,SDP,NL
Raynel Espinal,espinra01,29,BOS,AL
Jesus Tinoco,tinocje01,26,COL,NL
CJ Cron,croncj01,31,COL,NL
Ryan Hartman,hartmry01,27,HOU,AL
Ben Rortvedt,rortvbe01,23,MIN,AL
Curt Casali,casalcu01,32,SFG,NL
Eugenio Suarez,suareeu01,29,CIN,NL
Lance McCullers Jr,mcculla02,27,HOU,AL
James McCann,mccanja02,31,NYM,NL
Jose Marmolejos,marmojo01,28,SEA,AL
Jacob deGrom,degroja01,33,NYM,NL
Jesse Hahn,hahnje01,31,KCR,AL
Kurt Suzuki,suzukku01,37,LAA,AL
Ryan Borucki,borucry01,27,TOR,AL
Nolan Arenado,arenano01,30,STL,NL
Sam Haggerty,haggesa01,27,SEA,AL
Austin Hedges,hedgeau01,28,CLE,AL
Austin Warren,warreau01,25,LAA,AL
Josh James,jamesjo02,28,HOU,AL
Chris Taylor,tayloch03,30,LAD,NL
Jordan Lyles,lylesjo01,30,TEX,AL
Eloy Jimenez,jimenel02,24,CHW,AL
Joe Musgrove,musgrjo01,28,SDP,NL
Darien Núñez,nunezda01,28,LAD,NL
Alejandro Kirk,kirkal01,22,TOR,AL
Jesse Chavez,chaveje01,37,ATL,NL
Daniel Camarena,camarda01,28,SDP,NL
Luis Urias,uriaslu01,24,MIL,NL
Josh Rojas,rojasjo01,27,ARI,NL
Ryan Helsley,helslry01,26,STL,NL
Phillip Evans,evansph01,28,PIT,NL
Cesar Valdez,valdece01,36,BAL,AL
Anthony Kay,kayan01,26,TOR,AL
Dustin Fowler,fowledu01,26,PIT,NL
Mike Mayers,mayermi01,29,LAA,AL
Carlos Hernandez,hernaca04,24,KCR,AL
Kyle Muller,mulleky01,23,ATL,NL
Jonathan Loaisiga,loaisjo01,26,NYY,AL
Jay Jackson,jacksja01,33,SFG,NL
Justin Steele,steelju01,25,CHC,NL
Tanner Anderson,anderta01,28,PIT,NL
Francisco Mejia,mejiafr01,25,TBR,AL
Niko Goodrum,goodrni01,29,DET,AL
Dustin Garneau,garnedu01,33,DET,AL
Drew Smith,smithdr01,27,NYM,NL
Jose Devers,deverjo01,21,MIA,NL
James Hoyt,hoytja01,34,LAA,AL
Tyler ONeill,oneilty01,26,STL,NL
Eddy Alvarez,alvared01,31,MIA,NL
Kevin Kiermaier,kiermke01,31,TBR,AL
Yu Chang,changyu01,25,CLE,AL
Triston McKenzie,mckentr01,23,CLE,AL
Ryan Burr,burrry01,27,CHW,AL
Jeffrey Springs,sprinje01,28,TBR,AL
Justin Turner,turneju01,36,LAD,NL
Jake Diekman,diekmja01,34,OAK,AL
Ryne Harper,harpery01,32,WSN,NL
Maikel Franco,francma02,28,BAL,AL
Chas McCormick,mccorch01,26,HOU,AL
Andrew Knapp,knappan01,29,PHI,NL
Alexander Wells,wellsal01,24,BAL,AL
Kyle Hendricks,hendrky01,31,CHC,NL
Andrew Miller,millean01,36,STL,NL
Alex Vesia,vesiaal01,25,LAD,NL
Austin Barnes,barneau01,31,LAD,NL
Josh Staumont,staumjo01,27,KCR,AL
Griffin Canning,cannigr01,25,LAA,AL
Darwinzon Hernandez,hernada02,24,BOS,AL
Jose Quijada,quijajo01,25,LAA,AL
Chris Owings,owingch01,29,COL,NL
Tomas Nido,nidoto01,27,NYM,NL
Jake McCarthy,mccarja02,23,ARI,NL
Patrick Mazeika,mazeipa01,27,NYM,NL
Jake Burger,burgeja01,25,CHW,AL
Austin Gomber,gombeau01,27,COL,NL
Brandon Dickson,dicksbr01,36,STL,NL
Jacob Webb,webbja01,27,ATL,NL
Alex McRae,mcraeal01,28,CHW,AL
Jharel Cotton,cottojh01,29,TEX,AL
Hyun Jin Ryu,ryuhy01,34,TOR,AL
Connor Joe,joeco01,28,COL,NL
Josh Sborz,sborzjo01,27,TEX,AL
Anthony Castro,castran02,26,TOR,AL
Jonathan Villar,villajo01,30,NYM,NL
Austin Slater,slateau01,28,SFG,NL
Miguel Sano,sanomi01,28,MIN,AL
Luis Rengifo,rengilu01,24,LAA,AL
Daniel Ponce de Leon,ponceda01,29,STL,NL
Alex Verdugo,verdual01,25,BOS,AL
Tommy Milone,milonto01,34,TOR,AL
JC Mejia,mejiaje02,24,CLE,AL
Keegan Akin,akinke01,26,BAL,AL
Trey Mancini,mancitr01,29,BAL,AL
Owen Miller,milleow01,24,CLE,AL
Brett Martin,martibr01,26,TEX,AL
Nick Mears,mearsni01,24,PIT,NL
Colton Welker,welkeco01,23,COL,NL
Andrew Velazquez,velazan01,26,NYY,AL
Charlie Culberson,culbech01,32,TEX,AL
Luis Frias,friaslu01,23,ARI,NL
Jose Suarez,suarejo01,23,LAA,AL
Brandon Lowe,lowebr01,26,TBR,AL
Jake Fraley,fraleja01,26,SEA,AL
Andy Ibáñez,ibanean01,28,TEX,AL
Aledmys Díaz,diazal02,30,HOU,AL
Kyle McGowin,mcgowky01,29,WSN,NL
Isiah KinerFalefa,kineris01,26,TEX,AL
Webster Rivas,rivaswe01,30,SDP,NL
Yermin Mercedes,merceye01,28,CHW,AL
Isaac Mattson,mattsis01,25,BAL,AL
Emmanuel Rivera,riverem01,25,KCR,AL
Anthony Misiewicz,misiean01,26,SEA,AL
Miguel Castro,castrmi01,26,NYM,NL
Eduard Bazardo,bazared01,25,BOS,AL
Gilberto Celestino,celesgi01,22,MIN,AL
Brian OGrady,ogradbr01,29,SDP,NL
Jordan Montgomery,montgjo01,28,NYY,AL
Yency Almonte,almonye01,27,COL,NL
Jose Godoy,godoyjo01,26,SEA,AL
Adrian Houser,housead01,28,MIL,NL
Edwin Rios,riosed01,27,LAD,NL
Andrelton Simmons,simmoan01,31,MIN,AL
Adam Morgan,morgaad01,31,CHC,NL
Tim Mayza,mayzati01,29,TOR,AL
Chris Mazza,mazzach01,31,TBR,AL
Stephen Gonsalves,gonsast01,26,BOS,AL
Kyle Nelson,nelsoky01,24,CLE,AL
Jandel Gustave,gustaja01,28,MIL,NL
Kyle Funkhouser,funkhky01,27,DET,AL
Devin Smeltzer,smeltde01,25,MIN,AL
Evan Longoria,longoev01,35,SFG,NL
Yoan Moncada,moncayo01,26,CHW,AL
Pete Fairbanks,fairbpe01,27,TBR,AL
Lewis Thorpe,thorple01,25,MIN,AL
Lorenzo Cain,cainlo01,35,MIL,NL
Nomar Mazara,mazarno01,26,DET,AL
Seth Martinez,martise01,26,HOU,AL
Jean Segura,segurje01,31,PHI,NL
Chad Green,greench03,30,NYY,AL
Alex Reyes,reyesal02,26,STL,NL
Tyler Beede,beedety01,28,SFG,NL
Jose Urena,urenajo01,29,DET,AL
Matt Carpenter,carpema01,35,STL,NL
Max Fried,friedma01,27,ATL,NL
Robert Stephenson,stephro01,28,COL,NL
Ryan Buchter,buchtry01,34,ARI,NL
Sam Moll,mollsa01,29,OAK,AL
Blake Taylor,taylobl01,25,HOU,AL
Brad Peacock,peacobr01,33,BOS,AL
Jhoulys Chacin,chacijh01,33,COL,NL
Yennsy Diaz,diazye01,24,NYM,NL
Deolis Guerra,guerrde01,32,OAK,AL
Carlos Rodon,rodonca01,28,CHW,AL
Will Vest,vestwi01,26,SEA,AL
Reiss Knehr,knehrre01,24,SDP,NL
Alex Claudio,claudal01,29,LAA,AL
Sam Coonrod,coonrsa01,28,PHI,NL
Xander Bogaerts,bogaexa01,28,BOS,AL
David Paulino,paulida01,27,PHI,NL
Kyle Freeland,freelky01,28,COL,NL
Yusei Kikuchi,kikucyu01,30,SEA,AL
Patrick Wisdom,wisdopa01,29,CHC,NL
Brandon Crawford,crawfbr01,34,SFG,NL
Erasmo Ramirez,ramirer02,31,DET,AL
Jaime Barria,barrija01,24,LAA,AL
Garrett Stubbs,stubbga01,28,HOU,AL
Huascar Ynoa,ynoahu01,23,ATL,NL
Tyler Ivey,iveyty01,25,HOU,AL
Ryan Pressly,pressry01,32,HOU,AL
Mac Sceroler,sceroma01,26,BAL,AL
Dane Dunning,dunnida01,26,TEX,AL
Keynan Middleton,middlke01,27,SEA,AL
Martin Perez,perezma02,30,BOS,AL
Jackson Kowar,kowarja01,24,KCR,AL
Reid Detmers,detmere01,21,LAA,AL
Spenser Watkins,watkisp01,28,BAL,AL
Joe Ross,rossjo01,28,WSN,NL
Jared Walsh,walshja01,27,LAA,AL
Stephen Nogosek,nogosst01,26,NYM,NL
Leody Taveras,taverle01,22,TEX,AL
Bo Bichette,bichebo01,23,TOR,AL
Liam Hendriks,hendrli01,32,CHW,AL
Wes Benjamin,benjawe01,27,TEX,AL
Asher Wojciechowski,wojcias01,32,NYY,AL
Daniel Robertson,roberda10,27,MIL,NL
Rafael Ortega,ortegra01,30,CHC,NL
Victor Gonzalez,gonzavi02,25,LAD,NL
Emilio Pagan,paganem01,30,SDP,NL
Luis Patino,patinlu01,21,TBR,AL
Rowan Wick,wickro01,28,CHC,NL
Oscar Mercado,mercaos01,26,CLE,AL
Trevor Bauer,bauertr01,30,LAD,NL
Jesse Biddle,biddlje01,29,ATL,NL
Tyrone Taylor,tayloty01,27,MIL,NL
Justin Upton,uptonju01,33,LAA,AL
Ryan Castellani,castery01,25,COL,NL
Jon Duplantier,duplajo01,26,ARI,NL
Kwang Hyun Kim,kimkw01,32,STL,NL
JoJo Romero,romerjo01,24,PHI,NL
Josh Bell,belljo02,28,WSN,NL
Antonio Santos,santoan02,24,COL,NL
Tyler Stephenson,stephty01,24,CIN,NL
Zach Davies,davieza02,28,CHC,NL
Charlie Blackmon,blackch02,34,COL,NL
John Means,meansjo01,28,BAL,AL
Enoli Paredes,pareden01,25,HOU,AL
Colin Moran,moranco01,28,PIT,NL
Darren ODay,odayda01,38,NYY,AL
Trevor Stephan,stephtr01,25,CLE,AL
Byron Buxton,buxtoby01,27,MIN,AL
Tom Murphy,murphto04,30,SEA,AL
Yuli Gurriel,gourryu01,37,HOU,AL
Mookie Betts,bettsmo01,28,LAD,NL
Andrew Vaughn,vaughan01,23,CHW,AL
Hunter Harvey,harvehu01,26,BAL,AL
Josh Fleming,flemijo01,25,TBR,AL
Adrián Morejón,morejad01,22,SDP,NL
Jeurys Familia,familje01,31,NYM,NL
Jordan Hicks,hicksjo03,24,STL,NL
Kyle Garlick,garliky01,29,MIN,AL
JT Brubaker,brubajt01,27,PIT,NL
Yandy Díaz,diazya01,29,TBR,AL
Corey Knebel,knebeco01,29,LAD,NL
Jose Rondon,rondojo02,27,STL,NL
Wil Myers,myerswi01,30,SDP,NL
Ryan Feltner,feltnry01,24,COL,NL
Matt Olson,olsonma02,27,OAK,AL
Anthony DeSclafani,desclan01,31,SFG,NL
Kutter Crawford,crawfku01,25,BOS,AL
Dylan Bundy,bundydy01,28,LAA,AL
Mitch Keller,kellemi03,25,PIT,NL
Alex Bregman,bregmal01,27,HOU,AL
Brandon Nimmo,nimmobr01,28,NYM,NL
Thomas Hatch,hatchto01,26,TOR,AL
Justin Topa,topaju01,30,MIL,NL
Cal Quantrill,quantca01,26,CLE,AL
Jimmy Lambert,lambeji01,26,CHW,AL
Josh Donaldson,donaljo02,35,MIN,AL
Luis Severino,severlu01,27,NYY,AL
Cristian Javier,javiecr01,24,HOU,AL
Ross Stripling,stripro01,31,TOR,AL
Jack Flaherty,flaheja01,25,STL,NL
Tommy Edman,edmanto01,26,STL,NL
Reymin Guduan,guduare01,29,OAK,AL
Ervin Santana,santaer01,38,KCR,AL
Spencer Strider,stridsp01,22,ATL,NL
Andrew Benintendi,beninan01,26,KCR,AL
Caleb Thielbar,thielca01,34,MIN,AL
Michael Rucker,ruckemi01,27,CHC,NL
Adam Wainwright,wainwad01,39,STL,NL
Trevor Megill,megiltr01,27,CHC,NL
Tyler Alexander,alexaty01,26,DET,AL
David Phelps,phelpda01,34,TOR,AL
Tanner Rainey,raineta01,28,WSN,NL
Anthony Gose,gosean01,30,CLE,AL
Ian Happ,happia01,26,CHC,NL
Max Stassi,stassma01,30,LAA,AL
Martin Maldonado,maldoma01,34,HOU,AL
Travis Jankowski,jankotr01,30,PHI,NL
Domingo German,germado01,28,NYY,AL
Jared Oliva,olivaja01,25,PIT,NL
Luke Williams,willilu01,24,PHI,NL
Harold Castro,castrha01,27,DET,AL
Dan Winkler,winklda01,31,CHC,NL
Keston Hiura,hiurake01,24,MIL,NL
Andres Munoz,munozan01,22,SEA,AL
Noah Syndergaard,syndeno01,28,NYM,NL
Starlin Castro,castrst01,31,WSN,NL
Chase Anderson,anderch01,33,PHI,NL
Elvis Peguero,pegueel01,24,LAA,AL
Scott Heineman,heinesc01,28,CIN,NL
Lance Lynn,lynnla01,34,CHW,AL
Hunter Renfroe,renfrhu01,29,BOS,AL
Shogo Akiyama,akiyash01,33,CIN,NL
Franmil Reyes,reyesfr01,25,CLE,AL
Tucker Davidson,davidtu01,25,ATL,NL
Chad Pinder,pindech01,29,OAK,AL
Tucupita Marcano,marcatu01,21,SDP,NL
Chris Archer,archech01,32,TBR,AL
Luis Oviedo,oviedlu01,22,PIT,NL
Max Kranick,kranima01,23,PIT,NL
Zack Greinke,greinza01,37,HOU,AL
Geraldo Perdomo,perdoge01,21,ARI,NL
Jake Woodford,woodfja01,24,STL,NL
Daulton Varsho,varshda01,24,ARI,NL
Alex Blandino,blandal01,28,CIN,NL
Adrian Sanchez,sanchad01,30,WSN,NL
Michael Kopech,kopecmi01,25,CHW,AL
Richard Bleier,bleieri01,34,MIA,NL
Jose Alvarado,alvarjo03,26,PHI,NL
Cavan Biggio,biggica01,26,TOR,AL
Jake Cave,caveja01,28,MIN,AL
Garrett Hampson,hampsga01,26,COL,NL
Giovanny Gallegos,gallegi01,29,STL,NL
Steven Okert,okertst01,29,MIA,NL
Brad Keller,kellebr01,25,KCR,AL
Jose Rojas,rojasjo02,28,LAA,AL
Logan Gilbert,gilbelo01,24,SEA,AL
Tony Gonsolin,gonsoto01,27,LAD,NL
Victor Robles,roblevi01,24,WSN,NL
Cristian Pache,pachecr01,22,ATL,NL
Billy Hamilton,hamilbi02,30,CHW,AL
Luis Castillo,castilu02,28,CIN,NL
Jason Foley,foleyja01,25,DET,AL
Lucas Luetge,luetglu01,34,NYY,AL
Eduardo Rodriguez,rodried05,28,BOS,AL
Lewis Brinson,brinsle01,27,MIA,NL
Jake Jewell,jewelja01,28,CHC,NL
Dominic Leone,leonedo01,29,SFG,NL
Stephen Ridings,ridinst01,25,NYY,AL
Brandon Marsh,marshbr02,23,LAA,AL
Roberto Perez,perezro02,32,CLE,AL
German Marquez,marquge01,26,COL,NL
Luke Jackson,jackslu01,29,ATL,NL
Paul Campbell,campbpa02,25,MIA,NL
Will Smith,smithwi04,31,ATL,NL
Hernan Perez,perezhe01,30,WSN,NL
Brandon Woodruff,woodrbr01,28,MIL,NL
Kodi Whitley,whitlko01,26,STL,NL
Marcos Diplan,diplama01,24,BAL,AL
Kolby Allard,allarko01,23,TEX,AL
Jordan Yamamoto,yamamjo01,25,NYM,NL
Ryan Zimmerman,zimmery01,36,WSN,NL
Randal Grichuk,grichra01,29,TOR,AL
Zac Gallen,galleza01,25,ARI,NL
Paul Goldschmidt,goldspa01,33,STL,NL
Dansby Swanson,swansda01,27,ATL,NL
Josh VanMeter,vanmejo01,26,ARI,NL
JD Davis,davisjd01,28,NYM,NL
Michael Brantley,brantmi02,34,HOU,AL
Dillon Peters,peterdi01,28,PIT,NL
Will Harris,harriwi10,36,WSN,NL
Jhon Romero,romerjh01,26,WSN,NL
Ryan McMahon,mcmahry01,26,COL,NL
Gavin Lux,luxga01,23,LAD,NL
Drew Hutchison,hutchdr01,30,DET,AL